<?xml version='1.0' encoding='UTF-8'?><?xml-stylesheet href="dtbookbasic.css" type="text/css"?>
<dtbook xmlns="http://www.daisy.org/z3986/2005/dtbook/" version="2005-3" xml:lang="en-GB" xmlns:mml="http://www.w3.org/1998/Math/MathML"><head><meta name="dtb:uid" content="AUTO-UID-5314183130607303386" /><meta name="dt:version" content="1.4.0.0" /><meta name="dc:Title" content="Test" /><meta name="dc:Creator" content="James Newton-King" /><meta name="dc:Date" content="2008-12-16" /><meta name="dc:Publisher" content="Intergen Ltd" /><meta name="dc:Identifier" content="AUTO-UID-5314183130607303386" /><meta name="dc:Language" content="en-GB" /></head><book showin="blp"><frontmatter><doctitle>Test</doctitle><docauthor>James Newton-King</docauthor></frontmatter><bodymatter id="bodymatter_0001"><level1><h1>Heading!
</h1><p>Sfgdfgdfg</p>
<p xml:lang="en-GB"><imggroup><img id="rId71" src="actionthisoutlook.png" alt="actionthisoutlook.png" /></imggroup></p>
</level1></bodymatter></book></dtbook>